{
    "max_tilt_deg": 2.6033755274261603,
    "roll_offset_rad": -0.04123984730450737,
    "pitch_offset_rad": 0.057441215888420966,
    "Kp_ball": 20.0,
    "Kd_ball": 1.0,
    "Ki_ball": 0.0,
    "detq_offset": 0.0,
    "detq_scale": 5.0,
    "detq_attack": 0.8,
    "detq_recovery": 0.01,
    "force_c0_s1": 0.0,
    "force_c0_s2": 0.0,
    "force_c0_s3": 0.0,
    "target_data": {
        "5": 108.01687763713079,
        "6": 5.7594936708860756,
        "7": 0.6645569620253164,
        "8": 0.0,
        "9": 0.19071729957805908,
        "10": 50.0,
        "11": 0.0
    }
}