{
    "max_tilt_deg": 2.6033755274261603,
    "roll_offset_rad": -0.04123984730450737,
    "pitch_offset_rad": 0.057441215888420966,
    "Kp_ball": 20.0,
    "Kd_ball": 1.0,
    "Ki_ball": 0.0,
    "detq_offset": 0.0,
    "detq_scale": 5.0,
    "detq_attack": 0.8,
    "detq_recovery": 0.01,
    "force_c0_s1": 0.0,
    "force_c0_s2": 0.0,
    "force_c0_s3": 0.0,
    "target_data": {
        "5": 72.9957805907173,
        "6": 3.8607594936708862,
        "7": 0.5738396624472574,
        "8": 0.00379746835443038,
        "9": 0.02616033755274262,
        "10": 50.0,
        "11": 0.0
    }
}