{
    "max_tilt_deg": 20.0,
    "roll_offset_rad": -0.0014728516894466736,
    "pitch_offset_rad": 0.0,
    "Kp_ball": 0.0016033755274261605,
    "Kd_ball": 0.016455696202531647,
    "Ki_ball": 0.0,
    "detq_offset": 0.0,
    "detq_scale": 5.0,
    "detq_attack": 0.8,
    "detq_recovery": 0.01,
    "force_c0_s1": 0.0,
    "force_c0_s2": 0.0,
    "force_c0_s3": 0.0,
    "target_data": {
        "5": 43.459915611814345,
        "6": 2.2362869198312234,
        "7": 0.2742616033755274,
        "8": 0.0,
        "9": 0.010126582278481013,
        "10": 13.291139240506327,
        "11": 0.0
    }
}