{
    "max_tilt_deg": 10.452229299363056,
    "roll_offset_rad": -0.030193459633657178,
    "pitch_offset_rad": 0.019883497807530327,
    "Kp_ball": 0.10548523206751055,
    "Kd_ball": 0.021518987341772156,
    "force_c0_s1": 98.73417721518987,
    "force_c0_s2": 70.25316455696202,
    "force_c0_s3": 75.9493670886076,
    "target_data": {
        "5": 110.54852320675106,
        "6": 0.6540084388185654,
        "7": 0.630801687763713,
        "8": 0.0,
        "9": 0.01139240506329114,
        "10": 19.72573839662447,
        "11": 0.3481012658227848
    }
}