{
    "max_tilt_deg": 9.063291139240505,
    "roll_offset_rad": -0.01472851689446691,
    "pitch_offset_rad": 0.01693779442863694,
    "Kp_ball": -0.0071729957805907185,
    "Kd_ball": 0.021097046413501852,
    "detq_offset": 0.0,
    "detq_scale": 5.0,
    "detq_attack": 0.8,
    "detq_recovery": 0.01,
    "force_c0_s1": 0.0,
    "force_c0_s2": 0.0,
    "force_c0_s3": 0.0,
    "target_data": {
        "5": 0.0,
        "6": 3.080168776371308,
        "7": 0.26582278481012656,
        "8": 0.004219409282700422,
        "9": 0.0,
        "10": 50.0,
        "11": 0.0
    }
}