{
    "sensors": [
        {
            "c0": 80.37974683544304,
            "c1": 0.0,
            "c2": 0.0,
            "c3": 0.0,
            "c4": 0.0,
            "c5": 0.0
        },
        {
            "c0": 63.56622904327803,
            "c1": 0.0,
            "c2": 0.0,
            "c3": 0.0,
            "c4": 0.0,
            "c5": 0.0
        },
        {
            "c0": 109.49367088607595,
            "c1": 0.0,
            "c2": 0.0,
            "c3": 0.0,
            "c4": 0.0,
            "c5": 0.0
        }
    ]
}