{
    "sensors": [
        {
            "c0": 85.5331197687989,
            "c1": 0.0,
            "c2": 0.0,
            "c3": 0.0,
            "c4": 0.0,
            "c5": 0.0
        },
        {
            "c0": 63.56622904327803,
            "c1": 0.0,
            "c2": 0.0,
            "c3": 0.0,
            "c4": 0.0,
            "c5": 0.0
        },
        {
            "c0": 118.26849530527204,
            "c1": 0.0,
            "c2": 0.0,
            "c3": 0.0,
            "c4": 0.0,
            "c5": 0.0
        }
    ]
}