{
    "cameras": [
        {
            "b_slider": -3084.0,
            "k_slider": 0.02561306552070463,
            "ref_baseline": 92.11040530202561,
            "ref_brightness": 90.7167186394598,
            "ref_roi": [
                280,
                360,
                80,
                30
            ],
            "rpicam_cmd": "rpicam-vid -t 0 --camera 0 --width 640 --height 400 --framerate 120 --codec yuv420 --denoise off --nopreview --awb custom --awbgains 1.5,1.5 --shutter 40000 --gain 7.0 -o - 2>/dev/null",
            "source": "1",
            "trap_src": [
                [
                    160,
                    100
                ],
                [
                    500,
                    100
                ],
                [
                    500,
                    200
                ],
                [
                    160,
                    200
                ]
            ],
            "zero_area": 0.0
        },
        {
            "b_slider": -87418.0,
            "k_slider": 0.004068173239126069,
            "ref_baseline": 60.71592706282829,
            "ref_brightness": 228.11321326665814,
            "ref_roi": [
                5,
                5,
                30,
                30
            ],
            "source": "/dev/v4l/by-id/usb-Arducam_Technology_Co.__Ltd._Arducam_OV9281_USB_Camera_UC762-video-index0",
            "trap_src": [
                [
                    50,
                    50
                ],
                [
                    590,
                    50
                ],
                [
                    500,
                    400
                ],
                [
                    140,
                    400
                ]
            ],
            "zero_area": 0.0
        },
        {
            "b_slider": -2417.0,
            "k_slider": 0.071746635079126,
            "ref_baseline": 90.04914842273269,
            "ref_brightness": 87.52357161525445,
            "ref_roi": [
                280,
                360,
                80,
                30
            ],
            "rpicam_cmd": "rpicam-vid -t 0 --camera 1 --width 640 --height 400 --framerate 120 --codec yuv420 --denoise off --nopreview --awb custom --awbgains 1.5,1.5 --shutter 50000 --gain 10.0 -o - 2>/dev/null",
            "source": "0",
            "trap_src": [
                [
                    160,
                    100
                ],
                [
                    500,
                    100
                ],
                [
                    500,
                    200
                ],
                [
                    160,
                    200
                ]
            ],
            "zero_area": 0.0
        }
    ]
}