{
    "cameras": [
        {
            "b_slider": -4646.519420139943,
            "k_slider": 0.009776986712234764,
            "rpicam_cmd": "rpicam-vid -t 0 --camera 0 --width 640 --height 400 --framerate 120 --codec yuv420 --denoise off --nopreview --awb custom --awbgains 1.5,1.5 --shutter 40000 --gain 7.0 -o - 2>/dev/null",
            "source": "1",
            "trap_src": [
                [
                    160,
                    100
                ],
                [
                    500,
                    100
                ],
                [
                    500,
                    250
                ],
                [
                    160,
                    250
                ]
            ],
            "zero_area": 0.0
        },
        {
            "b_slider": -8782.150846234168,
            "k_slider": 0.014928879626304788,
            "source": "/dev/v4l/by-id/usb-Arducam_Technology_Co.__Ltd._Arducam_OV9281_USB_Camera_UC762-video-index0",
            "trap_src": [
                [
                    160,
                    150
                ],
                [
                    480,
                    150
                ],
                [
                    360,
                    400
                ],
                [
                    250,
                    400
                ]
            ],
            "zero_area": 0.0
        },
        {
            "b_slider": -218.96050463144002,
            "k_slider": 0.05407229380382619,
            "rpicam_cmd": "rpicam-vid -t 0 --camera 1 --width 640 --height 400 --framerate 120 --codec yuv420 --denoise off --nopreview --awb custom --awbgains 1.5,1.5 --shutter 50000 --gain 10.0 -o - 2>/dev/null",
            "source": "0",
            "trap_src": [
                [
                    160,
                    100
                ],
                [
                    500,
                    100
                ],
                [
                    500,
                    200
                ],
                [
                    160,
                    200
                ]
            ],
            "zero_area": 0.0
        }
    ]
}